id,title,phase,kind,status,rooms,witness_inputs,world,note
before/final/01-boundary,Skill Trial 01 - Offset Latch,before,authoring trial,historical checks passed,1,9,before/final/01-boundary/world.json,A fixed boundary and a relative group offset release the route. Includes the ordinary Play replay and scoped controls.
before/final/02-hook,Skill Trial 02 - Bent Key,before,authoring trial,historical checks passed,1,19,before/final/02-hook/world.json,"Transport and dock a bent key, transfer contact across a void, and clear the subsequent approach."
before/final/03-transport,Skill Trial 03 - Parking Bay,before,authoring trial,historical checks passed,1,49,before/final/03-transport/world.json,A tool and helper share space; temporary parking and reachable pushing faces enable delivery.
before/final/04-combined,Skill Trial 04 - Linked Workshop,before,authoring trial,historical checks passed,1,58,before/final/04-combined/world.json,"Boundary-dependent offsets, tool transport, and contact transfer are connected in one room. Includes supplemental composition checks."
before/final/agent-practice,Agent Practice - Push into Alcove,before,early practice,historical witness retained,1,6,before/final/agent-practice/world.json,A 7-by-5 introductory room. The documented witness is URDRRR. This predates the revision and is not a controlled comparison sample.
before/final/parallax-foundry,Parallax Foundry,before,early multi-room design,historical checks passed; import UI limitation,4,,before/final/parallax-foundry/world.json,A four-room authored world. Historical browser evidence covers collecting all four gems and returning to the first room. Native Build Import encountered a Windows symlink EPERM limitation; the existing draft and save/export round trip worked. This predates the three-skill comparison.
before/final/pocket-shutter,pocket-shutter,before,earlier skill example,historical checks passed,1,17,before/final/pocket-shutter/world.json,"An authored boundary-stagger fixture, with contract, replay, and scoped controls."
before/final/twin-tee,twin-tee,before,earlier skill example,historical checks passed,1,27,before/final/twin-tee/world.json,"An authored boundary-stagger fixture, with contract, replay, and scoped controls."
before/final/minimal,minimal,before,earlier skill example,historical checks passed,1,10,before/final/minimal/world.json,Predocked rear-hook baseline. Related parameter variants are not independent design concepts.
before/final/north-store,north-store,before,earlier skill example,historical checks passed,1,30,before/final/north-store/world.json,A parameter variation on the baseline rear-hook structure.
before/final/wide-hook,wide-hook,before,earlier skill example,historical checks passed,1,25,before/final/wide-hook/world.json,A parameter variation on the baseline rear-hook structure.
before/final/repair-plate,repair-plate,before,earlier skill example,historical checks passed,1,12,before/final/repair-plate/world.json,A predocked hook combined with a module-repair task.
before/final/elevated-bridge,elevated-bridge,before,earlier skill example,historical checks passed,1,12,before/final/elevated-bridge/world.json,A predocked hook combined with a height and bridge task.
before/final/active-docking,active-docking,before,earlier skill example,historical checks passed,1,27,before/final/active-docking/world.json,Transport and dock the tool before building a usable bridge.
before/final/side-reach,side-reach,before,earlier skill example,historical checks passed,1,17,before/final/side-reach/world.json,A lateral contact-transfer design with active transport and docking.
before/final/cantilever-key,cantilever-key,before,earlier skill example,historical checks passed,1,17,before/final/cantilever-key/world.json,A lateral contact-transfer design with different useful geometry.
before/prototypes/stagger-prototype-01,stagger-prototype-01,before,prototype,selected as final candidate,1,,before/prototypes/stagger-prototype-01/world.json,Selected for Offset Latch. This record and the final record have the same grid.
before/prototypes/hook-prototype-01,hook-prototype-01,before,prototype,intended dependency bypassed,1,,before/prototypes/hook-prototype-01/world.json,Opposite-direction transfer is possible; the narrower claim that transfer must be leftward is not established.
before/prototypes/hook-prototype-02,hook-prototype-02,before,prototype,selected as final candidate,1,,before/prototypes/hook-prototype-02/world.json,Selected for Bent Key. This record and the final record have the same grid.
before/prototypes/transport-prototype-01,transport-prototype-01,before,prototype,intended dependency bypassed,1,,before/prototypes/transport-prototype-01/world.json,The helper can replace the tool. Tool-freeze and event exclusions expose the bypass.
before/prototypes/transport-prototype-02,transport-prototype-02,before,prototype,historical search exhausted without a solution,1,,before/prototypes/transport-prototype-02/world.json,Wall constraints removed necessary player circulation.
before/prototypes/transport-prototype-03,transport-prototype-03,before,prototype,intended design requirement not met,1,,before/prototypes/transport-prototype-03/world.json,The witness contains coupled helper motion but lacks the intended independent helper preparation.
before/prototypes/transport-prototype-04,transport-prototype-04,before,prototype,outside the declared verification contract,1,,before/prototypes/transport-prototype-04/world.json,A helper-to-tool-to-target relay falls outside the direct-tool-input contract. This is not a claim that the map is unsolvable.
before/prototypes/transport-prototype-05,transport-prototype-05,before,prototype,selected as final candidate,1,,before/prototypes/transport-prototype-05/world.json,Selected for Parking Bay. This record and the final record have the same grid.
before/prototypes/combined-prototype-01,combined-prototype-01,before,prototype,historical search exhausted without a solution,1,,before/prototypes/combined-prototype-01/world.json,Added restrictions removed the completing route.
before/prototypes/combined-prototype-02,combined-prototype-02,before,prototype,intended dependency bypassed,1,,before/prototypes/combined-prototype-02/world.json,The carriage can leave its track and replace the tool.
before/prototypes/combined-prototype-03,combined-prototype-03,before,prototype,selected as final candidate,1,,before/prototypes/combined-prototype-03/world.json,Selected for Linked Workshop. This record and the final record have the same grid.
before/prototypes/cantilever-key-v1,Cantilever Key v1,before,prototype,bypass investigation retained,1,,before/prototypes/cantilever-key-v1/world.json,The first saved Cantilever Key layout and its bypass investigation. The final layout is a separate record.
after/final/borrowed-bay,Borrowed Bay: The Returning Keeper,after,authoring trial,historical checks passed,1,81,after/final/borrowed-bay/world.json,"A new composed room from an independent authoring trial using the revised skills: tool retreat, helper parking, delivery, lateral transfer, helper recovery, and tool withdrawal. The witness has 81 inputs and 23 pushes. This is practical-use evidence, not a controlled improvement estimate."
after/prototypes/attempt-01,Borrowed Bay attempt-01,after,prototype,intended dependency bypassed,1,,after/prototypes/attempt-01/world.json,Walking alone bypasses the target; fixing every movable group still permits completion.
after/prototypes/attempt-02,Borrowed Bay attempt-02,after,prototype,intended dependency bypassed,1,,after/prototypes/attempt-02/world.json,The helper can substitute for the tool; the tool-frozen search still solves.
after/prototypes/attempt-03,Borrowed Bay attempt-03,after,prototype,historical search exhausted without a solution,1,,after/prototypes/attempt-03/world.json,The westward retreat leaves no reachable right-pushing stance. The historical search exhausted 11152 states.
after/prototypes/attempt-04,Borrowed Bay attempt-04,after,prototype,intended dependency bypassed,1,,after/prototypes/attempt-04/world.json,Raising the tool early allows completion without the intended helper recovery.
after/prototypes/attempt-05,Borrowed Bay attempt-05,after,prototype,selected as final candidate,1,,after/prototypes/attempt-05/world.json,Selected as the final Borrowed Bay candidate. Consult the final room for the complete formal audit.
references/hxh,HxH mechanism reconstruction,references,user reconstruction,historical reference checks passed,1,26,references/hxh/world.json,"The user reconstruction of the upper official HxH mechanism. The approach, lower terrain, and other objects differ from the complete official room. Goal: collect the gem."
references/gxe,GxE mechanism reconstruction,references,user reconstruction,historical reference checks passed,1,41,references/gxe/world.json,"The user reconstruction of official GxE has changed group IDs and north boundary. It has no gem. The explicit goal is to reach the left passage endpoint (2,13,0), with zero-based coordinates."
references/gxf,GxF mechanism reconstruction,references,user reconstruction,historical reference checks passed,1,219,references/gxf/world.json,The user-reconstructed constrained-transport room from the initial solving request. Goal: collect the gem. A 219-input witness is retained; neither its length nor its exact sequence is a universal design requirement.
references/hxh-sealed-extraction,HxH sealed extraction,references,mechanism extraction,historical checks passed,1,16,references/hxh-sealed-extraction/world.json,"An earlier sealed extraction of the official HxH mechanism, distinct from the later user reconstruction. It is not the complete official room."
